Gene Name,Model Confidence
B9J08_001483,0.9966378141361713
B9J08_002229,0.9899226199217751
B9J08_002246,0.7901908366497703
B9J08_000139,0.3059242099229659
B9J08_003091,0.09275932353041737
B9J08_003123,0.04724083119268959
